month,avg_dep_delay
1,10.036665030396858
2,10.816842549598986
3,13.227076109105209
4,13.938037741305763
5,12.986859348988771
6,20.846331791143424
7,21.727786554326837
8,12.611039839117922
9,6.7224762185679525
10,6.243988413080655
11,5.43536156833734
12,16.576687569162672
